stock_code,stock_name,keyword,title,content,published_at,source,url
301396.SZ,宏景科技,301396,宏景科技301396.SZ)：2026年一季报净利润为3025.74万元,2026年4月29日，宏景科技301396.SZ)发布2026年一季报。 公司营业总收入为3.77亿元。归母净利润为3025.74万元。经营活动现金净流入为2.56亿元。,2026-04-29 13:13:31,界面新闻,http://finance.eastmoney.com/a/202604293724207186.html
301396.SZ,宏景科技,301396,宏景科技301396.SZ)：2025年年报净利润为2644.77万元,2026年4月29日，宏景科技301396.SZ)发布2025年年报。 公司营业总收入为11.82亿元。归母净利润为2644.77万元。经营活动现金净流入为18.86亿元。,2026-04-29 09:30:11,界面新闻,http://finance.eastmoney.com/a/202604293723876659.html
301396.SZ,宏景科技,301396,宏景科技301396.SZ)：2026年一季报净利润为3025.74万元、同比较去年同期上涨39.75%,2026年4月29日，宏景科技301396.SZ)发布2026年一季报。 公司营业总收入为3.77亿元，在已披露的同业公司中排名第33，较去年同报告期营业总收入增加2469.21万元，实现2年连续上涨，同比较去年同期上涨7.01%。,2026-04-29 17:59:20,界面新闻,http://finance.eastmoney.com/a/202604293724668551.html
301396.SZ,宏景科技,301396,宏景科技301396龙虎榜数据04-22),交易所2026年4月22日公布的交易公开信息显示，宏景科技因成为日涨幅达到15%的前5只证券上榜。宏景科技当日收报324.28元，涨跌幅16.09%，偏离值16.09%，换手率23.60%，成交额53.91亿。 免责声明：本文基于AI生产，仅供参考，不构成任何投资建议，据此操作风险自担,2026-04-22 16:27:10,东方财富Choice数据,http://finance.eastmoney.com/a/202604223714037639.html
301396.SZ,宏景科技,301396,宏景科技301396龙虎榜数据04-16,交易所2026年4月16日公布的交易公开信息显示，宏景科技因成为日涨幅达到15%的前5只证券、连续三个交易日内，涨幅偏离值累计达到30%的证券上榜。宏景科技当日收报289.42元，涨跌幅20.00%，偏离值20.00%，换手率19.78%，成交额41.60亿。异常期间4月14日至4,2026-04-16 16:27:34,东方财富Choice数据,http://finance.eastmoney.com/a/202604163707408515.html
301396.SZ,宏景科技,301396,301396、688227，尾盘拉升“20cm”封板！A股两大板块，掀涨停潮！,品高股份(688227)午后开盘直线20%涨停，宏景科技301396则在临近收盘实现“20cm”封板，润建股份、中贝通信、晶科科技等亦在午后强势涨停。 4月以来，我国密集进行航天发射。,2026-04-16 18:15:00,证券时报网,http://finance.eastmoney.com/a/202604163707567456.html
301396.SZ,宏景科技,301396,宏景科技：2026年一季度净利润3025.74万元 同比增长39.75%,中证智能财讯宏景科技（301396）4月29日披露2026年第一季度报告。,2026-05-01 13:14:56,中国证券报·中证网,http://finance.eastmoney.com/a/202605013727243669.html
301396.SZ,宏景科技,301396,杠杆资金大手笔加仓股名单,机械设备 688008 澜起科技 -2.52 18710.07 784976.91 3.94 电子 603019 中科曙光 -3.54 17877.62 886426.51 6.67 计算机 300760 迈瑞医疗 1.96 17807.65 515690.41 2.64 医药生物 301396,2026-04-29 09:22:00,证券时报网,http://finance.eastmoney.com/a/202604293723753735.html
301396.SZ,宏景科技,301396,创业板股融资余额增幅榜（附股）,机械设备 301193 家联科技 12808.78 22.94 23.40 -3.47 轻工制造 300586 美联新材 42258.81 22.25 11.79 13.04 基础化工 300567 精测电子 112650.11 20.52 137.74 -1.44 机械设备 301396,2026-04-29 09:22:00,证券时报网,http://finance.eastmoney.com/a/202604293723730263.html
301396.SZ,宏景科技,301396,323股本月股价创历史新高,300905 宝丽迪 68.12 117.64 192.49 基础化工 603773 沃格光电 69.35 111.69 204.30 电子 301217 铜冠铜箔 78.34 108.91 129.57 电力设备 688268 华特气体 188.30 106.92 227.94 电子 301396,2026-04-30 22:41:00,证券时报网,http://finance.eastmoney.com/a/202604303726808129.html
603026.SH,石大胜华,603026,石大胜华603026龙虎榜数据04-29),交易所2026年4月29日公布的交易公开信息显示，石大胜华因成为有价格涨跌幅限制的日价格振幅达到15%的前五只证券上榜。石大胜华当日收报119.25元，涨跌幅10.00%，偏离值16.34%，换手率11.92%，成交额30.98亿。 免责声明：本文基于AI生产，仅供参考，不构成任何投资建议,2026-04-29 16:57:06,东方财富Choice数据,http://finance.eastmoney.com/a/202604293724523058.html
603026.SH,石大胜华,603026,石大胜华603026.SH)：2026年一季报净利润为2.82亿元，同比扭亏为盈,2026年4月29日，石大胜华603026.SH)发布2026年一季报。 公司营业总收入为22.30亿元，在已披露的同业公司中排名第28，较去年同报告期营业总收入增加6.42亿元，实现2年连续上涨，同比较去年同期上涨40.45%。,2026-04-29 12:13:01,界面新闻,http://finance.eastmoney.com/a/202604293724138856.html
603026.SH,石大胜华,603026,4月29日龙虎榜净卖出额前10个股,南财智讯4月29日电，盘后数据显示，因当日异动登上龙虎榜的个股中，龙虎榜中资金净流出最多的前三位分别是宁波建工(601789.SH)、石大胜华603026.SH)与综艺股份(600770.SH)。其中排名第一的宁波建工被净卖出1.67亿元，占总成交金额的9.5%。,2026-04-29 17:19:00,南方财经网,http://finance.eastmoney.com/a/202604293724602319.html
603026.SH,石大胜华,603026,石大胜华：第一季度净利润为2.82亿元 同比扭亏为盈,石大胜华603026.SH)公告称，2026年第一季度实现营业收入22.30亿元，同比增长40.45%；归属于上市公司股东的净利润为2.82亿元，上年同期亏损。业绩变动主要系市场行情回暖，毛利增加所致。,2026-04-28 19:21:57,财联社,http://finance.eastmoney.com/a/202604283722601620.html
603026.SH,石大胜华,603026,沪股通现身10只个股龙虎榜,（%） 当日换手率（%） 603538 美诺华 15766.51 8.62 26.73 688390 固德威 11155.97 15.10 9.88 688059 华锐精密 7648.48 17.24 10.03 688515 裕太微-U 5908.58 16.93 17.74 603026,2026-04-29 20:45:00,证券时报网,http://finance.eastmoney.com/a/202604293724940344.html
603026.SH,石大胜华,603026,石大胜华：控股子公司拟收购控股孙公司49%股权,"4月27日，石大胜华603026.SH)公告称，公司控股子公司胜华新能源科技(东营)有限公司拟以2.26亿元受让ENCHEMCO.,LTD.持有的控股孙公司东营石大胜华新能源有限公司49%股权。本次交易以2025年12月31日为基准日，按账面净资产值和评估值孰低原则定价。",2026-04-27 19:41:44,每日经济新闻,http://finance.eastmoney.com/a/202604273720491790.html
603026.SH,石大胜华,603026,石大胜华：控股子公司收购控股孙公司49%股权,"石大胜华603026.SH)公告称，公司控股子公司胜华新能源科技(东营)有限公司拟以2.26亿元受让ENCHEMCO.,LTD.持有的控股孙公司东营石大胜华新能源有限公司49%股权。本次交易以2025年12月31日为基准日，按账面净资产值和评估值孰低原则定价。",2026-04-27 19:39:37,财联社,http://finance.eastmoney.com/a/202604273720473387.html
603026.SH,石大胜华,603026,强势股追踪 主力资金连续5日净流入89股,证券简称 主力资金净流入天数 主力资金净流入金额（亿元） 主力资金净流入比例（%） 累计涨跌幅（%） 600989 宝丰能源 6 12.68 5.64 14.14 301526 国际复材 5 11.97 6.17 21.80 300037 新宙邦 5 11.02 9.22 13.94 603026,2026-04-29 18:19:00,证券时报网,http://finance.eastmoney.com/a/202604293724712649.html
603026.SH,石大胜华,603026,强势股追踪 主力资金连续5日净流入78股,大族激光 7 22.70 6.33 20.17 600989 宝丰能源 5 11.52 6.07 13.52 300408 三环集团 6 7.05 4.01 28.65 601088 中国神华 6 6.18 6.34 6.46 300567 精测电子 5 6.16 6.95 9.87 603026,2026-04-28 17:20:00,证券时报网,http://finance.eastmoney.com/a/202604283723112690.html
603026.SH,石大胜华,603026,石大胜华振幅16.34%，沪股通净买入5357.39万元,石大胜华603026今日涨停，全天换手率11.92%，成交额30.98亿元，振幅16.34%。龙虎榜数据显示，沪股通净买入5357.39万元，营业部席位合计净卖出2.19亿元。,2026-04-29 18:18:00,证券时报网,http://finance.eastmoney.com/a/202604293724702349.html
603195.SH,公牛集团,603195,公牛集团603195.SH)2025年净利润为40.71亿元、较去年同期下降4.72%,2026年4月30日，公牛集团603195.SH)发布2025年年报。 公司营业总收入为160.26亿元，较去年同报告期营业总收入减少8.04亿元，同比较去年同期下降4.78%。,2026-04-30 09:40:45,界面新闻,http://finance.eastmoney.com/a/202604303726033145.html
603195.SH,公牛集团,603195,公牛集团：第一季度净利润同比增长8.55%,公牛集团603195.SH)公告称，2026年第一季度实现营业收入40.60亿元，同比增长3.52%；归属于上市公司股东的净利润为10.58亿元，同比增长8.55%。,2026-04-29 20:35:35,财联社,http://finance.eastmoney.com/a/202604293724894124.html
603195.SH,公牛集团,603195,公牛集团：一季度净利润10.58亿元 同比增长8.55%,人民财讯4月29日电，公牛集团6031954月29日披露一季报，公司2026年一季度实现营业收入40.6亿元，同比增长3.52%；归母净利润10.58亿元，同比增长8.55%。,2026-04-29 20:47:00,证券时报网,http://finance.eastmoney.com/a/202604293724941938.html
603195.SH,公牛集团,603195,公牛集团：2025年净利润同比下降4.72% 拟10派19元,人民财讯4月29日电，公牛集团6031954月29日披露年报，2025年实现营业收入160.26亿元，同比下降4.78%；归母净利润40.71亿元，同比下降4.72%；基本每股收益2.26元。公司拟每10股派发现金红利19元(含税)。,2026-04-29 20:56:00,人民财讯,http://finance.eastmoney.com/a/202604293724957469.html
603195.SH,公牛集团,603195,169只股中线走稳 站上半年线,11.46 13.49 8.42 8.95 6.28 603188 亚邦股份 6.40 6.31 5.01 5.32 6.13 002870 香山股份 10.01 8.08 37.32 39.58 6.05 600688 上海石化 6.87 2.49 2.94 3.11 5.72 603195,2026-04-30 15:57:00,证券时报网,http://finance.eastmoney.com/a/202604303726438635.html
603195.SH,公牛集团,603195,【盘中播报】153只个股突破半年线,10.01 7.53 37.32 39.58 6.05 600816 建元信托 7.97 5.21 2.81 2.98 5.95 300147 *ST香雪 7.86 3.42 9.59 10.15 5.83 603711 香飘飘 10.02 3.35 13.52 14.28 5.59 603195,2026-04-30 14:07:00,证券时报网,http://finance.eastmoney.com/a/202604303726334896.html
603195.SH,公牛集团,603195,145只股中线走稳 站上半年线,9.74 4.80 62.21 66.23 6.47 600816 建元信托 7.97 4.49 2.81 2.98 5.95 603711 香飘飘 10.02 3.10 13.52 14.28 5.59 603188 亚邦股份 5.60 3.30 5.01 5.28 5.34 603195,2026-04-30 10:43:00,证券时报网,http://finance.eastmoney.com/a/202604303726208311.html
603195.SH,公牛集团,603195,上市公司2025年度分红方案一览,（数据宝） 公布2025年度分红预案公司一览  代码 简称 首次预案公布日 每10股派现（元） 预案公布当日涨跌（%） 预案公布以来涨跌（%） 603195 公牛集团 2026.04.30 19.00 600436 片仔癀 2026.04.30 15.70 603296 华勤技术,2026-04-30 09:17:00,证券时报网,http://finance.eastmoney.com/a/202604303726157697.html
603195.SH,公牛集团,603195,公牛集团：2025年净利润40.71亿元 拟10派19元,中证智能财讯公牛集团（603195）4月30日披露2025年年度报告。,2026-04-30 09:09:39,中国证券报·中证网,http://finance.eastmoney.com/a/202604303725972666.html
603195.SH,公牛集团,603195,312股今日获机构买入评级,603713 密尔克卫 2 -1.83 12.19 交通运输 605599 菜百股份 2 -8.71 9.37 纺织服饰 688003 天准科技 2 3.27 机械设备 920403 康农种业 2 1.03 74.74 农林牧渔 002311 海大集团 2 0.34 23.18 农林牧渔 603195,2026-04-30 17:46:00,证券时报网,http://finance.eastmoney.com/a/202604303726572236.html
001330.SZ,博纳影业,001330,博纳影业001330.SZ)：2026年一季报净利润为-4426.98万元,2026年4月30日，博纳影业001330.SZ)发布2026年一季报。 公司营业总收入为2.77亿元，较去年同报告期营业总收入减少2.48亿元，同比较去年同期下降47.20%。归母净利润为-4426.98万元，在已披露的同业公司中排名第18。,2026-04-30 08:59:32,界面新闻,http://finance.eastmoney.com/a/202604303725761559.html
001330.SZ,博纳影业,001330,博纳影业001330.SZ)2025年净利润为-14.64亿元，同比亏损放大,2026年4月27日，博纳影业001330.SZ)发布2025年年报。 公司营业总收入为12.53亿元，较去年同报告期营业总收入减少2.09亿元，同比较去年同期下降14.28%。,2026-04-27 10:55:30,界面新闻,http://finance.eastmoney.com/a/202604273719861113.html
001330.SZ,博纳影业,001330,机构风向标 | 博纳影业0013302025年四季度已披露前十大机构持股比例合计下跌4.40个百分点,2026年4月27日，博纳影业001330.SZ)发布2025年年度报告。截至2026年4月26日，共有35个机构投资者披露持有博纳影业A股股份，合计持股量达3.85亿股，占博纳影业总股本的27.99%。,2026-04-27 08:58:34,界面新闻,http://finance.eastmoney.com/a/202604273719510461.html
001330.SZ,博纳影业,001330,博纳影业001330龙虎榜数据04-22),交易所2026年4月22日公布的交易公开信息显示，博纳影业因成为日跌幅偏离值达到7%的前5只证券上榜。博纳影业当日收报8.18元，涨跌幅-7.36%，偏离值-8.36%，换手率13.37%，成交额15.19亿。 免责声明：本文基于AI生产，仅供参考，不构成任何投资建议，据此操作风险自担,2026-04-22 16:27:10,东方财富Choice数据,http://finance.eastmoney.com/a/202604223714038474.html
001330.SZ,博纳影业,001330,博纳影业：Q1亏损收窄至4427万元，营收同比降47.2%,4月29日，博纳影业001330公布2026年一季报，公司营业收入为2.77亿元，同比下降47.2%；归母净利润自去年同期亏损9.55亿元变为亏损4427万元，亏损额有所减少；扣非归母净利润自去年同期亏损9.84亿元变为亏损5367万元，亏损额有所减少；经营现金流净额为1.02,2026-04-30 09:45:00,财中社,http://finance.eastmoney.com/a/202604303726061512.html
001330.SZ,博纳影业,001330,传媒行业4月30日资金流向日报,（数据宝） 传媒行业资金流入榜 代码 简称 今日涨跌幅（%） 今日换手率（%） 主力资金流量（万元） 002400 省广集团 5.66 9.00 18551.03 002181 粤传媒 10.01 6.64 18453.86 001330 博纳影业 2.73 11.27 9505.95,2026-04-30 17:11:00,证券时报网,http://finance.eastmoney.com/a/202604303726536347.html
001330.SZ,博纳影业,001330,博纳影业2025年亏损扩大至14.6亿元，营收下降14.3%,4月26日，博纳影业001330公布2025年年报，公司营业收入为12.5亿元，同比下降14.3%；归母净利润自去年同期亏损8.67亿元变为亏损14.6亿元，亏损额进一步扩大；扣非归母净利润自去年同期亏损9.73亿元变为亏损14.2亿元，亏损额进一步扩大；经营现金流净额为1.38,2026-04-26 19:41:00,财中社,http://finance.eastmoney.com/a/202604263719343678.html
001330.SZ,博纳影业,001330,博纳影业在上海成立影视科技公司,天眼查App显示，4月21日，博越星际蓝图（上海）影视科技有限公司成立，法定代表人为姜寨瑾，注册资本1000万元人民币，经营范围包括广告制作、电影摄制服务、版权代理等，由博纳影业（001330）全资持股。,2026-04-21 15:33:45,每日经济新闻,http://finance.eastmoney.com/a/202604213712233044.html
001330.SZ,博纳影业,001330,博纳影业在上海成立影视科技公司,天眼查App显示，4月21日，博越星际蓝图（上海）影视科技有限公司成立，法定代表人为姜寨瑾，注册资本1000万人民币，经营范围包括广告制作、电影摄制服务、版权代理等，由博纳影业（001330）全资持股。,2026-04-21 15:29:54,南方财经网,http://finance.eastmoney.com/a/202604213712216466.html
001330.SZ,博纳影业,001330,博纳影业在上海成立影视科技公司，注册资本1000万,天眼查App显示，4月21日，博越星际蓝图（上海）影视科技有限公司成立，法定代表人为姜寨瑾，注册资本1000万人民币，经营范围包括广告制作、电影摄制服务、版权代理等，由博纳影业（001330）全资持股。,2026-04-21 15:24:49,界面新闻,http://finance.eastmoney.com/a/202604213712216272.html
002731.SZ,ST萃华,002731,ST萃华002731龙虎榜数据04-29),交易所2026年4月29日公布的交易公开信息显示，ST萃华因成为连续三个交易日内，跌幅偏离值累计达到12%的ST证券、*ST证券和未完成股改证券上榜。ST萃华当日收报4.58元，涨跌幅-4.98%，换手率0.31%，成交额325.82万。异常期间4月27日至4月29日，期间涨幅-14.23%,2026-04-29 16:27:35,东方财富Choice数据,http://finance.eastmoney.com/a/202604293724447187.html
002731.SZ,ST萃华,002731,ST萃华002731龙虎榜数据04-24),交易所2026年4月24日公布的交易公开信息显示，ST萃华因成为连续三个交易日内，跌幅偏离值累计达到12%的ST证券、*ST证券和未完成股改证券上榜。ST萃华当日收报5.34元，涨跌幅-4.98%，换手率0.32%，成交额393.18万。异常期间4月22日至4月24日，期间涨幅-14.29%,2026-04-24 16:28:06,东方财富Choice数据,http://finance.eastmoney.com/a/202604243717980472.html
002731.SZ,ST萃华,002731,ST萃华002731龙虎榜数据04-21,交易所2026年4月21日公布的交易公开信息显示，ST萃华因成为连续三个交易日内，跌幅偏离值累计达到12%的ST证券、*ST证券和未完成股改证券上榜。ST萃华当日收报6.23元，涨跌幅-5.03%，换手率0.23%，成交额333.74万。异常期间4月17日至4月21日，期间涨幅-13.71%,2026-04-21 16:26:53,东方财富Choice数据,http://finance.eastmoney.com/a/202604213712295747.html
002731.SZ,ST萃华,002731,002731，年报或被出具非标意见！将触及退市风险警示情形,4月17日晚间，ST萃华002731公告，公司于近日收到立信中联会计师事务所（特殊普通合伙）（以下简称“立信中联”）发来的《ST萃华2025年年审会计师对审计工作进度和审计执行情况的说明》（以下简称“《说明》”）。,2026-04-17 22:08:00,证券时报网,http://finance.eastmoney.com/a/202604173709330940.html
002731.SZ,ST萃华,002731,ST萃华：预计无法在法定期限内披露2025年年报及2026年一季报,ST萃华002731.SZ)公告称，公司原定于4月29日披露2025年年度报告和2026年第一季度报告。因定期报告涉及的部分信息需要进一步补充提供，公司无法在原定日期披露，也可能无法在法定期限内(4月30日)披露上述定期报告。,2026-04-27 16:30:27,财联社,http://finance.eastmoney.com/a/202604273720164532.html
002731.SZ,ST萃华,002731,82股每笔成交量增长超50%,157.37 600965 福成股份 -9.96 1299 136.88 000782 恒申新材 9.35 2042 133.34 601567 三星电气 -10.01 1199 129.99 4月27日成交笔数环比增幅居前个股 证券代码 证券简称 日涨跌(%) 笔数 环比(%) 002731,2026-04-27 21:14:00,证券时报网,http://finance.eastmoney.com/a/202604273720688065.html
002731.SZ,ST萃华,002731,55只ST股预告2025年全年业绩,4000.00 8.18 机械设备 603580 *ST艾艾 预盈 4000.00 4000.00 21.25 基础化工 000669 ST金鸿 预盈 3300.00 2200.00 40.68 公用事业 000504 *ST生物 预盈 3250.00 2850.00 9.27 医药生物 002731,2026-04-28 10:37:00,证券时报网,http://finance.eastmoney.com/a/202604283721909419.html
002731.SZ,ST萃华,002731,64股每笔成交量增长超50%,（数据宝） 4月22日每笔成交环比增幅居前个股 证券代码 证券简称 日涨跌(%) 每笔成交(股) 环比(%) 002731 ST萃华 -4.98 4220 256.88 002194 武汉凡谷 10.02 1799 199.42 600082 ST海泰 0.68 6962 180.85,2026-04-22 21:42:00,证券时报网,http://finance.eastmoney.com/a/202604223714593287.html
002731.SZ,ST萃华,002731,ST萃华：可能被实施退市风险警示以及叠加其他风险警示,ST萃华0027314月17日公告，公司近日收到立信中联会计师事务所发来的《说明》，立信中联会计师事务所可能对公司2025年财务报表出具非标准意见的审计报告。,2026-04-17 19:52:40,每日经济新闻,http://finance.eastmoney.com/a/202604173709203757.html
002731.SZ,ST萃华,002731,ST萃华：可能被实施退市风险警示以及叠加其他风险警示,ST萃华002731.SZ)公告称，公司近日收到立信中联会计师事务所发来的《说明》，立信中联会计师事务所可能对公司2025年财务报表出具非标准意见的审计报告。,2026-04-17 19:37:54,财联社,http://finance.eastmoney.com/a/202604173709190087.html
600887.SH,伊利股份,600887,600887，大手笔分红！董事长发声,4月29日晚，伊利股份（600887）发布2025年年报，2025年公司实现营业总收入1159.31亿元，同比增长0.13%；归母净利润115.65亿元，同比增长36.82%，营收净利双增。 同日晚间，伊利股份发布2026年一季报。,2026-05-01 12:54:00,上海证券报,http://finance.eastmoney.com/a/202605013727208911.html
600887.SH,伊利股份,600887,伊利股份600887.SH)：2026年一季报净利润为53.95亿元,2026年4月30日，伊利股份600887.SH)发布2026年一季报。 公司营业总收入为348.25亿元。归母净利润为53.95亿元。经营活动现金净流入为37.15亿元。 公司最新资产负债率为59.50%，在已披露的同业公司中排名第25。,2026-04-30 10:06:42,界面新闻,http://finance.eastmoney.com/a/202604303726092243.html
600887.SH,伊利股份,600887,伊利股份600887.SH)：2025年年报净利润为115.65亿元,2026年4月30日，伊利股份600887.SH)发布2025年年报。 公司营业总收入为1159.31亿元。归母净利润为115.65亿元。经营活动现金净流入为143.44亿元，较去年同报告期经营活动现金净流入减少73.96亿元，同比较去年同期下降34.02%。,2026-04-30 10:43:25,界面新闻,http://finance.eastmoney.com/a/202604303726145821.html
600887.SH,伊利股份,600887,伊利股份拟每股派发现金红利0.9元,4月29日，伊利股份（600887）发布公告，公司拟向全体股东每股派发现金红利0.9元（含税），预计总派发金额为56.93亿元，加之已实施现金分红30.36亿元，本年度现金分红总额为87.29亿元，占归母净利润的75.48%。,2026-04-30 09:45:00,财中社,http://finance.eastmoney.com/a/202604303726046067.html
600887.SH,伊利股份,600887,伊利股份：第一季度净利润同比增长10.68%,伊利股份600887.SH)公告称，2026年第一季度实现营业收入347.41亿元，同比增长5.47%；归属于上市公司股东的净利润为53.95亿元，同比增长10.68%。,2026-04-29 18:12:17,财联社,http://finance.eastmoney.com/a/202604293724683316.html
600887.SH,伊利股份,600887,伊利股份：一季度净利润53.95亿元 同比增长10.68%,人民财讯4月29日电，伊利股份6008874月29日披露一季报，公司2026年一季度实现营业收入347.41亿元，同比增长5.47%；净利润53.95亿元，同比增长10.68%。,2026-04-29 18:19:00,证券时报网,http://finance.eastmoney.com/a/202604293724689433.html
600887.SH,伊利股份,600887,伊利股份一季度归母净利润53.9亿元，同比上升10.7%,4月29日，伊利股份600887公布2026年一季报，公司营业收入为347.4亿元，同比上升5.5%；归母净利润为53.9亿元，同比上升10.7%；扣非归母净利润为53.3亿元，同比上升15.1%；经营现金流净额为37.35亿元，同比增长293.9%；EPS(全面摊薄)为0.8529,2026-04-30 10:15:00,财中社,http://finance.eastmoney.com/a/202604303726108388.html
600887.SH,伊利股份,600887,伊利股份2025年归母净利润率10%创历史新高 圆满完成9%-10%目标｜快讯,4月30日，在伊利股份（600887.SH）2025年度暨2026年第一季度业绩说明会上，伊利集团董事长潘刚表示：“2026年，收入端力争实现更好的成绩；净利率在2025年高基数的基础上呈现继续向好趋势，并在新战略周期里再上一个新台阶。”,2026-04-30 09:57:00,华夏时报网,http://finance.eastmoney.com/a/202604303726072241.html
600887.SH,伊利股份,600887,乳业“一超”断层式领先 2025年伊利股份营收、净利超预期双增,4月29日，伊利股份（600887.SH）发布2025年年报，公司实现营业总收入1159.31亿元，同比增长0.13%；归母净利润115.65亿元，同比增长36.82%，公司以前瞻性均衡业务结构布局，重塑乳业增长逻辑，成为唯一实现营收净利双增的综合性乳企，中国乳业“一超”断层式领先格局再次深化,2026-04-29 21:22:12,经济参考网,http://finance.eastmoney.com/a/202604293724976998.html
600887.SH,伊利股份,600887,乳业“一超”断层式领先 2025年伊利股份营收、净利超预期双增｜快讯,4月29日，伊利股份（600887.SH）发布2025年年报，实现营业总收入1159.31亿元，同比增长0.13%；归母净利润115.65亿元，同比增长36.82%，以前瞻性均衡业务结构布局，重塑乳业增长逻辑，成为唯一实现营收净利双增的综合性乳企，中国乳业一超断层式领先格局再次深化,2026-04-29 20:21:47,华夏时报网,http://finance.eastmoney.com/a/202604293724887277.html
002640.SZ,跨境通,002640,跨境通002640.SZ)：2026年一季报净利润为1.57亿元,2026年4月30日，跨境通002640.SZ)发布2026年一季报。 公司营业总收入为12.90亿元。归母净利润为1.57亿元。,2026-04-30 09:04:41,界面新闻,http://finance.eastmoney.com/a/202604303725779042.html
002640.SZ,跨境通,002640,跨境通002640.SZ)：2026年一季报净利润为1.57亿元，同比扭亏为盈,2026年4月30日，跨境通002640.SZ)发布2026年一季报。 公司营业总收入为12.90亿元，在已披露的同业公司中排名第6，较去年同报告期营业总收入增加3641.97万元，同比较去年同期上涨2.91%。,2026-04-30 09:04:55,界面新闻,http://finance.eastmoney.com/a/202604303725779936.html
002640.SZ,跨境通,002640,跨境通：一季度净利润1.57亿元 同比扭亏为盈,人民财讯4月29日电，跨境通0026404月29日披露一季报，公司2026年一季度实现营业收入12.9亿元，同比增长2.91%；归母净利润1.57亿元，同比扭亏为盈。,2026-04-29 17:03:00,证券时报网,http://finance.eastmoney.com/a/202604293724562939.html
002640.SZ,跨境通,002640,跨境通一季度扭亏为盈，实现归母净利润1.57亿元,4月29日，跨境通002640公布2026年一季报，公司营业收入为12.9亿元，同比上升2.9%；归母净利润自去年同期亏损389万元成功扭亏，实现归母净利润1.57亿元；扣非归母净利润自去年同期亏损369万元变为亏损370万元，亏损额进一步扩大；经营现金流净额为-4.85亿元，,2026-04-30 07:52:00,财中社,http://finance.eastmoney.com/a/202604303725542457.html
002640.SZ,跨境通,002640,135家公司公布最新股东户数,0.62 传媒 002955 鸿合科技 17139 -1.36 -2.78 电子 002941 新疆交建 74513 -1.32 3.26 建筑装饰 000868 安凯客车 45962 -1.26 -3.36 汽车 002807 江阴银行 46115 -1.14 3.30 银行 002640,2026-04-21 16:48:00,证券时报网,http://finance.eastmoney.com/a/202604213712355776.html
002640.SZ,跨境通,002640,商贸零售行业资金流出榜：永辉超市等7股净流出资金超3000万元,5.08 -5614.31 600693 东百集团 -2.50 12.90 -4576.53 002315 焦点科技 -1.05 4.57 -3636.33 603123 翠微股份 -4.95 5.96 -3206.40 600539 狮头股份 -2.41 7.94 -3029.78 002640,2026-04-21 16:47:00,证券时报网,http://finance.eastmoney.com/a/202604213712343329.html
002640.SZ,跨境通,002640,股东户数降幅榜：11股最新股东户数降逾一成,汽车 300640 德艺文创 18173 -1.24 -2.53 轻工制造 600359 新农开发 40138 -1.19 -1.12 农林牧渔 301062 上海艾录 13561 -1.15 -1.20 轻工制造 002807 江阴银行 46115 -1.14 4.18 银行 002640,2026-04-22 17:43:00,证券时报网,http://finance.eastmoney.com/a/202604223714184083.html
002640.SZ,跨境通,002640,商贸零售行业今日跌2.26%，主力资金净流出9.67亿元,0.90 -8098.71 000564 供销大集 -2.60 1.39 -6713.79 600250 南京商旅 -3.33 13.58 -4445.57 002183 怡亚通 -1.88 4.32 -4084.25 002251 步步高 -3.04 2.03 -3589.66 002640,2026-04-09 16:44:00,证券时报网,http://finance.eastmoney.com/a/202604093699638359.html
002640.SZ,跨境通,002640,A股三大股指收跌：算力硬件产业链逆势走强，两市成交2.1万亿元,商贸零售低开低走，小商品城（600415）、跨境通（002640）、翠微股份（603123）、凯淳股份（301001）、东方创业（600278）、友阿股份（002277）、茂业商业（600828）等跌超3%。,2026-04-09 15:11:00,澎湃新闻,http://finance.eastmoney.com/a/202604093699517536.html
002640.SZ,跨境通,002640,跨境通：2025年亏损4.17亿元,跨境通0026403月30日披露年报，2025年实现营业收入54.37亿元，同比下降4.93%；归母净利润-4.17亿元；基本每股收益-0.2713元。报告期内，优壹电商实现营业收入50.89亿元，净利润1.06亿元。,2026-03-30 18:59:00,人民财讯,http://finance.eastmoney.com/a/202603303688910235.html
000546.SZ,金圆股份,000546,金圆股份000546.SZ)：2026年一季报净利润为-5812.29万元，同比由盈转亏,2026年4月30日，金圆股份000546.SZ)发布2026年一季报。 公司营业总收入为36.35亿元。归母净利润为-5812.29万元，在已披露的同业公司中排名第107，较去年同报告期归母净利润减少7429.16万元，同比较去年同期下降459.48%。,2026-04-30 18:50:31,界面新闻,http://finance.eastmoney.com/a/202604303726619949.html
000546.SZ,金圆股份,000546,机构风向标 | 金圆股份0005462025年四季度已披露持仓机构仅6家,2026年4月28日，金圆股份000546.SZ)发布2025年年度报告。截至2026年4月28日，共有6个机构投资者披露持有金圆股份A股股份，合计持股量达2.42亿股，占金圆股份总股本的31.15%。,2026-04-29 09:43:35,界面新闻,http://finance.eastmoney.com/a/202604293723927093.html
000546.SZ,金圆股份,000546,金圆股份000546.SZ)2025年净利润为-2.52亿元，由盈转亏,2026年4月28日，金圆股份000546.SZ)发布2025年年报。 公司营业总收入为94.29亿元。归母净利润为-2.52亿元，在已披露的同业公司中排名第78，较去年同报告期归母净利润减少2.91亿元，同比较去年同期下降733.94%。,2026-04-28 10:45:27,界面新闻,http://finance.eastmoney.com/a/202604283721847268.html
000546.SZ,金圆股份,000546,赔本赚吆喝！营收和成本均翻倍增长，金圆股份一季度亏了5000多万元,4月29日晚间，金圆股份000546发布2026年一季报，一季度实现营业收入36.35亿元，同比增长108.59%；归属于上市公司股东的净利润-5812.29万元，上年同期为1616.87万元；归属于上市公司股东的扣除非经常性损益的净利润-6172.65万元，上年同期为-2883.51,2026-04-30 13:39:26,深圳商报·读创,http://finance.eastmoney.com/a/202604303726297312.html
000546.SZ,金圆股份,000546,21.28亿主力资金净流入，金属镍概念涨3.47%,600711 盛屯矿业 3.96 3.56 5987.41 3.98 000060 中金岭南 4.07 2.61 5751.75 7.57 002125 湘潭电化 6.07 5.89 4823.90 8.83 002266 浙富控股 5.88 6.34 4253.88 2.82 000546,2026-04-29 18:19:00,证券时报网,http://finance.eastmoney.com/a/202604293725156375.html
000546.SZ,金圆股份,000546,53只A股筹码大换手（4月27日）,矽电股份 343.09 24.08 8.40 301077 星华新材 35.04 23.67 -9.20 300970 华绿生物 37.53 23.28 -11.86 300613 富瀚微 63.88 23.06 13.91 301696 三瑞智能 94.92 23.02 2.02 000546,2026-04-27 16:21:00,证券时报网,http://finance.eastmoney.com/a/202604273720137947.html
000546.SZ,金圆股份,000546,盐湖提锂概念涨3.65%，主力资金净流入33股,601168 西部矿业 6.16 3.44 14370.23 5.85 000762 西藏矿业 5.91 10.70 11467.31 5.42 000408 藏格矿业 2.57 0.87 8177.78 6.66 600773 西藏城投 3.42 5.28 7433.99 5.33 000546,2026-04-29 18:18:00,证券时报网,http://finance.eastmoney.com/a/202604293724712350.html
000546.SZ,金圆股份,000546,今日563只个股突破五日均线,14.55 85.67 91.00 6.22 300057 万顺新材 10.03 23.64 7.44 7.90 6.18 301307 美利信 10.92 19.85 43.69 46.33 6.04 603819 神力股份 9.99 6.66 14.46 15.31 5.89 000546,2026-04-24 16:04:00,证券时报网,http://finance.eastmoney.com/a/202604243717971580.html
000546.SZ,金圆股份,000546,今日盘中突破五日均线个股一览,21.18 354.16 378.95 7.00 600370 三房巷 10.00 3.61 2.48 2.64 6.45 603520 司太立 10.02 11.48 10.94 11.64 6.42 603819 神力股份 9.99 6.46 14.46 15.31 5.89 000546,2026-04-24 14:22:00,证券时报网,http://finance.eastmoney.com/a/202604243717881569.html
000546.SZ,金圆股份,000546,金属铜概念上涨3.44%，15股主力资金净流入超亿元,600331 宏达股份 6.13 4.16 4446.72 2.91 002266 浙富控股 5.88 6.34 4253.88 2.82 601969 海南矿业 7.36 2.74 3912.00 5.93 000960 锡业股份 3.24 3.70 3861.48 1.78 000546,2026-04-29 18:19:00,证券时报网,http://finance.eastmoney.com/a/202604293725155721.html
603993.SH,洛阳钼业,603993,洛阳钼业603993.SH)：2026年一季报净利润为77.60亿元,2026年4月25日，洛阳钼业603993.SH)发布2026年一季报。 公司营业总收入为664.03亿元。归母净利润为77.60亿元。经营活动现金净流入为113.29亿元。,2026-04-25 11:17:32,界面新闻,http://finance.eastmoney.com/a/202604253718989025.html
603993.SH,洛阳钼业,603993,金属钴概念上涨4.94%，11股主力资金净流入超亿元,002340 格林美 7.95 9.67 41732.05 9.11 300073 当升科技 5.13 7.26 28590.62 12.12 000426 兴业银锡 3.96 2.82 27809.91 12.98 600549 厦门钨业 8.19 5.62 17892.37 3.55 603993,2026-04-29 18:19:00,证券时报网,http://finance.eastmoney.com/a/202604293724709669.html
603993.SH,洛阳钼业,603993,洛阳钼业：一季度净利润同比增长96.65% 主要产品价格上涨及产销量实现增长,洛阳钼业603993.SH)公告称，2026年第一季度实现营业收入664.03亿元，同比增长44.34%；归属于上市公司股东的净利润为77.60亿元，同比增长96.65%。,2026-04-24 16:15:41,财联社,http://finance.eastmoney.com/a/202604243717967060.html
603993.SH,洛阳钼业,603993,21.28亿主力资金净流入，金属镍概念涨3.47%,603799 华友钴业 4.48 5.83 52199.63 7.17 002340 格林美 7.95 9.67 41732.05 9.11 600884 杉杉股份 7.23 11.43 31960.16 9.31 000426 兴业银锡 3.96 2.82 27809.91 12.98 603993,2026-04-29 18:19:00,证券时报网,http://finance.eastmoney.com/a/202604293725156375.html
603993.SH,洛阳钼业,603993,洛阳钼业一季度利润超77亿元 同比增长96.65%,4月24日晚间，洛阳钼业（603993.SH、03993.HK）发布2026年第一季度业绩报告。财报数据显示，洛阳钼业实现营业收入664.03亿元，同比增长44.34%；归母净利润77.60亿元，同比增长96.65%；经营性净现金流113.29亿元，同比增长762.30%。,2026-04-25 09:37:20,中国经营报,http://finance.eastmoney.com/a/202604253718886030.html
603993.SH,洛阳钼业,603993,盐湖提锂概念涨3.65%，主力资金净流入33股,华友钴业 4.48 5.83 52199.63 7.17 600338 西藏珠峰 10.00 14.96 37507.82 10.30 000792 盐湖股份 6.70 2.94 27914.58 4.66 300207 欣旺达 4.91 5.13 19073.99 7.96 603993,2026-04-29 18:18:00,证券时报网,http://finance.eastmoney.com/a/202604293724712350.html
603993.SH,洛阳钼业,603993,有色金属行业4月29日资金流向日报,21.21 36272.72 000426 兴业银锡 3.96 2.82 27809.91 300748 金力永磁 8.10 5.80 23677.66 600362 江西铜业 4.74 2.61 21534.63 600549 厦门钨业 8.19 5.62 17892.37 603993,2026-04-29 18:19:00,证券时报网,http://finance.eastmoney.com/a/202604293725153313.html
603993.SH,洛阳钼业,603993,洛阳钼业：Q1归母净利润为77.6亿元，同比上升96.7%,4月24日，洛阳钼业603993公布2026年一季报，公司营业收入为664.03亿元，同比上升44.3%；归母净利润为77.6亿元，同比上升96.7%；扣非归母净利润为74.86亿元，同比上升90.6%；经营现金流净额为113.29亿元，同比增长762.3%；EPS(全面摊薄),2026-04-24 16:48:00,财中社,http://finance.eastmoney.com/a/202604243718042620.html
603993.SH,洛阳钼业,603993,磷化工概念涨3.45%，主力资金净流入32股,华友钴业 4.48 5.83 52199.63 7.17 002759 天际股份 5.91 15.72 24478.80 8.80 600096 云天化 2.89 4.01 22057.72 8.33 603906 龙蟠科技 10.00 11.06 20289.56 10.34 603993,2026-04-29 18:19:00,证券时报网,http://finance.eastmoney.com/a/202604293725154477.html
603993.SH,洛阳钼业,603993,有色金属行业今日净流出资金89.78亿元，云南锗业等29股净流出资金超亿元,50646.74 000960 锡业股份 -8.54 5.49 -49928.24 600219 南山铝业 -9.73 4.35 -44109.75 601899 紫金矿业 -1.82 1.00 -43565.99 002466 天齐锂业 -1.52 5.21 -41014.04 603993,2026-04-28 17:20:00,证券时报网,http://finance.eastmoney.com/a/202604283722385680.html
603618.SH,杭电股份,603618,杭电股份603618龙虎榜数据04-23,交易所2026年4月23日公布的交易公开信息显示，杭电股份因成为非ST、*ST和S证券连续三个交易日内收盘价格涨幅偏离值累计达到20%的证券上榜。杭电股份当日收报31.41元，涨跌幅10.02%，换手率14.80%，成交额31.76亿。异常期间4月22日至4月23日，期间涨幅21.04%,2026-04-23 16:57:07,东方财富Choice数据,http://finance.eastmoney.com/a/202604233716064639.html
603618.SH,杭电股份,603618,杭电股份603618.SH)：2026年一季报净利润为8084.19万元,2026年4月22日，杭电股份603618.SH)发布2026年一季报。 公司营业总收入为22.02亿元。归母净利润为8084.19万元。经营活动现金净流入为-2.78亿元，较去年同报告期经营活动现金净流入减少7958.56万元。,2026-04-22 09:18:17,界面新闻,http://finance.eastmoney.com/a/202604223713520069.html
603618.SH,杭电股份,603618,杭电股份603618.SH)2025年净利润为-2.99亿元，由盈转亏,2026年4月22日，杭电股份603618.SH)发布2025年年报。 公司营业总收入为94.51亿元。归母净利润为-2.99亿元，在已披露的同业公司中排名第70，较去年同报告期归母净利润减少4.37亿元，同比较去年同期下降316.64%。,2026-04-22 14:55:46,界面新闻,http://finance.eastmoney.com/a/202604223713937885.html
603618.SH,杭电股份,603618,2连板杭电股份：股东富春江通信集团及4位董高4月22日至4月23日合计减持615.6万股,4月23日，杭电股份603618.SH)公告称，富春江通信集团于2026年4月22日通过大宗交易减持公司股份306万股，占公司总股本的0.4426%；2026年4月23日通过集中竞价方式减持公司股份153万股，占公司总股本的0.2213%，本次减持实施完毕。,2026-04-23 18:04:31,每日经济新闻,http://finance.eastmoney.com/a/202604233716195278.html
603618.SH,杭电股份,603618,2连板杭电股份：股东富春江通信集团及4位董高4月22日-4月23日合计减持615.6万股,杭电股份603618.SH)公告称，富春江通信集团于2026年4月22日通过大宗交易减持公司股份306万股，占公司总股本的0.4426%；2026年4月23日通过集中竞价方式减持公司股份153万股，占公司总股本的0.2213%，本次减持实施完毕。,2026-04-23 18:01:48,财联社,http://finance.eastmoney.com/a/202604233716195645.html
603618.SH,杭电股份,603618,杭电股份：2025年亏损2.99亿元 同比由盈转亏,人民财讯4月21日电，杭电股份6036184月21日披露年报，2025年实现营业收入94.51亿元，同比增长6.78%；归母净利润亏损2.99亿元，上年同期盈利1.38亿元。,2026-04-21 22:20:00,证券时报网,http://finance.eastmoney.com/a/202604213712855755.html
603618.SH,杭电股份,603618,杭电股份：子公司永特信息光纤量价齐升 一季度净利润同比增长279.96%,人民财讯4月21日电，杭电股份6036184月21日披露一季报，公司2026年一季度实现营业收入22.02亿元，同比增长11.12%；归母净利润8084.19万元，同比增长279.96%，报告期内，子公司永特信息光纤销量增长，且销售价格大幅上涨而带来较高效益。,2026-04-21 20:53:00,证券时报网,http://finance.eastmoney.com/a/202604213712731091.html
603618.SH,杭电股份,603618,杭电股份：第一季度净利润同比增长280% 子公司光纤销量增长销售价格大幅上涨,4月21日，杭电股份603618.SH)公告称，2026年第一季度实现营业收入22.02亿元，同比增长11.12%；归属于上市公司股东的净利润为8084.19万元，同比增长279.96%。业绩变动主要原因是一季度子公司永特信息光纤销量增长，且销售价格大幅上涨而带来较高效益。,2026-04-21 20:47:26,每日经济新闻,http://finance.eastmoney.com/a/202604213712731560.html
603618.SH,杭电股份,603618,杭电股份一季度归母净利润增280% 光纤业务量价齐升成主因,4月21日，杭电股份603618.SH)发布公告显示，公司2026年第一季度实现营业收入22.02亿元，较上年同期增长11.12%；归属于上市公司股东的净利润达8084.19万元，同比增幅为279.96%。,2026-04-21 22:10:06,央广财经,http://finance.eastmoney.com/a/202604213712844366.html
603618.SH,杭电股份,603618,基金一季度新进重仓股五大榜单（附股）,基金新进股持股市值排名 证券代码 证券简称 基金家数 合计持股数量（万股） 占流通股比例（%） 期末持股市值（亿元） 行业 603618 杭电股份 13 3600.63 5.21 10.26 电力设备 603052 可川科技 4 1043.56 5.55 6.85 电子 300277,2026-04-24 09:08:00,证券时报网,http://finance.eastmoney.com/a/202604243717281883.html
603045.SH,福达合金,603045,福达合金603045.SH)：2026年一季报净利润为1.81亿元,2026年4月30日，福达合金603045.SH)发布2026年一季报。 公司营业总收入为19.42亿元。归母净利润为1.81亿元。经营活动现金净流入为-1.41亿元，在已披露的同业公司中排名第26。,2026-04-30 09:50:40,界面新闻,http://finance.eastmoney.com/a/202604303726061257.html
603045.SH,福达合金,603045,福达合金603045.SH)：2025年年报净利润为1.08亿元,2026年4月24日，福达合金603045.SH)发布2025年年报。 公司营业总收入为50.38亿元。归母净利润为1.08亿元，在已披露的同业公司中排名第13。经营活动现金净流入为-2.96亿元，在已披露的同业公司中排名第21。,2026-04-24 10:46:12,界面新闻,http://finance.eastmoney.com/a/202604243717678819.html
603045.SH,福达合金,603045,机构风向标 | 福达合金6030452025年四季度已披露前十大机构累计持仓占比4.52%,2026年4月24日，福达合金603045.SH)发布2025年年度报告。截至2026年4月23日，共有86个机构投资者披露持有福达合金A股股份，合计持股量达715.10万股，占福达合金总股本的5.28%。,2026-04-24 09:41:13,界面新闻,http://finance.eastmoney.com/a/202604243717520044.html
603045.SH,福达合金,603045,福达合金：一季度净利润1.81亿元 同比扭亏为盈,人民财讯4月29日电，福达合金6030454月29日披露一季报，公司2026年一季度实现营业收入19.42亿元，同比增长92.67%；归母净利润1.81亿元，同比扭亏为盈。报告期内公司销售额增长及费用管控加强，同时，因白银价上涨，公司库存白银贡献了部分收益。,2026-04-29 16:50:00,人民财讯,http://finance.eastmoney.com/a/202604293724548982.html
603045.SH,福达合金,603045,福达合金一季度业绩转盈 归母净利润达1.81亿元,福达合金603045.SH)于4月29日发布2026年第一季度报告。数据显示，该公司当季实现营业收入19.42亿元，较上年同期增长92.67%；归属于母公司所有者的净利润为1.81亿元，实现同比扭亏为盈。,2026-04-30 00:10:31,央广财经,http://finance.eastmoney.com/a/202604303725176914.html
603045.SH,福达合金,603045,82股每笔成交量增长超50%,（数据宝） 4月30日每笔成交环比增幅居前个股 证券代码 证券简称 日涨跌(%) 每笔成交(股) 环比(%) 600053 *ST九鼎 -4.99 4166 447.14 603045 福达合金 9.99 1623 395.83 001218 丽臣实业 9.99 1329 379.57,2026-04-30 22:41:00,证券时报网,http://finance.eastmoney.com/a/202604303726808259.html
603045.SH,福达合金,603045,算力基建“超级周期”开启！福达合金融入全球顶级算力基建供应链,作为国内电接触材料标杆企业，福达合金（603045）高性能触头组件等核心产品已深度配套北美及国内头部数据中心项目，2025年，公司数据中心领域营收已达1.39亿元，同比大增432%，成为公司业绩增长的核心新引擎之一。,2026-04-29 18:15:28,全景网,http://finance.eastmoney.com/a/202604293724658428.html
603045.SH,福达合金,603045,一季报大超预期！福达合金持续巩固施耐德等全球电力供应链优势,"4月30日，福达合金（603045）正式披露2026年第一季度报告。报告期内，公司营业收入19.42亿元，同比增长92.67%；利润总额2.09亿元，同比增长4,962.61%，归属于上市公司股东的净利润1.81亿元，同比增长3,635.07%。",2026-04-29 18:14:31,全景网,http://finance.eastmoney.com/a/202604293724656190.html
603045.SH,福达合金,603045,福达合金2025年度归母净利润约1.08亿元 同比增136.8%,4月23日晚间，福达合金（603045.SH）发布年度业绩报告。报告显示，2025年该公司营业收入约50.38亿元，同比增加30.85%；归属于上市公司股东的净利润约1.08亿元，同比增加136.8%；基本每股收益0.7978元，同比同样增加136.8%。（央广财经）,2026-04-23 19:10:14,央广财经,http://finance.eastmoney.com/a/202604233716312653.html
603045.SH,福达合金,603045,福达合金：2025年净利润同比增长136.8% 拟10派1.48元,福达合金6030454月23日披露年报，2025年实现营业收入50.38亿元，同比增长30.85%；归母净利润1.08亿元，同比增长136.8%；基本每股收益0.7978元。公司拟每10股派发现金红利1.48元(含税)。报告期内，销量增加及原材料价格上涨。,2026-04-23 16:58:00,证券时报网,http://finance.eastmoney.com/a/202604233716100531.html
000063.SZ,中兴通讯,000063,中兴通讯子公司等成立云计算公司,企查查股权穿透显示，该公司由中兴通讯000063全资子公司北京兴云数科技术有限公司、北京中兴新通讯有限公司共同持股。,2026-04-28 11:29:53,人民财讯,http://finance.eastmoney.com/a/202604283721911589.html
000063.SZ,中兴通讯,000063,太赫兹概念下跌2.79%，主力资金净流出17股,（数据宝） 太赫兹概念资金流出榜 代码 简称 今日涨跌幅（%） 今日换手率（%） 主力资金流量（万元） 600487 亨通光电 -4.33 7.22 -112478.24 000063 中兴通讯 -3.35 2.81 -47199.12 600879 航天电子 -4.49 4.04,2026-04-28 17:19:00,证券时报网,http://finance.eastmoney.com/a/202604283722386092.html
000063.SZ,中兴通讯,000063,中兴通讯：一季度净利润同比下降46.58%,中兴通讯000063.SZ)公告称，2026年第一季度实现营业收入349.88亿元，同比增长6.13%；归属于上市公司股东的净利润为13.10亿元，同比下降46.58%。,2026-04-24 17:51:42,财联社,http://finance.eastmoney.com/a/202604243718134482.html
000063.SZ,中兴通讯,000063,通信行业今日净流出资金56.63亿元，新易盛等16股净流出资金超亿元,145884.38 300308 中际旭创 1.48 1.92 121409.07 300548 长芯博创 3.71 7.65 62084.23 688387 信科移动-U 8.12 5.98 21458.59 002929 润建股份 10.01 14.25 16785.12 000063,2026-04-30 17:11:00,证券时报网,http://finance.eastmoney.com/a/202604303726533042.html
000063.SZ,中兴通讯,000063,中兴通讯：Q1归母净利润为13.1亿元，同比下降46.6%,4月24日，中兴通讯000063公布2026年一季报，公司营业收入为349.88亿元，同比上升6.1%；归母净利润为13.1亿元，同比下降46.6%；扣非归母净利润为9.36亿元，同比下降52.2%；经营现金流净额为-19.79亿元，同比下降206.9%；EPS(全面摊薄)为0.27,2026-04-24 20:09:00,财中社,http://finance.eastmoney.com/a/202604243718373668.html
000063.SZ,中兴通讯,000063,杠杆资金大手笔加仓股名单,非银金融 688041 海光信息 -2.45 16675.84 802155.18 1.19 电子 688313 仕佳光子 -7.66 16573.56 260483.78 4.30 通信 603501 豪威集团 -0.71 16548.74 564389.32 4.49 电子 000063,2026-04-29 09:22:00,证券时报网,http://finance.eastmoney.com/a/202604293723753735.html
000063.SZ,中兴通讯,000063,通信行业资金流出榜：中际旭创等18股净流出资金超亿元,138388.92 600487 亨通光电 -4.33 7.22 -112478.24 600522 中天科技 -2.18 7.76 -88579.98 300548 长芯博创 -3.21 5.56 -70237.17 688313 仕佳光子 -7.66 10.19 -64152.22 000063,2026-04-28 17:20:00,证券时报网,http://finance.eastmoney.com/a/202604283722381654.html
000063.SZ,中兴通讯,000063,中兴通讯2026年一季度营收增长6.1% 算力占比升至27%,4月24日，中兴通讯（000063.SZ）披露2026年第一季度报告。财报显示，当季中兴通讯实现营业收入349.9亿元，同比增长6.1%；归母净利润13.1亿元，扣非归母净利润9.4亿元。,2026-04-24 21:51:39,中国经营报,http://finance.eastmoney.com/a/202604243718522892.html
000063.SZ,中兴通讯,000063,61股特大单净流入资金超2亿元,116.58 5.06 7.19 电子 002371 北方华创 516.25 9.21 6.57 电子 002217 合力泰 2.96 10.04 6.21 电子 600418 江淮汽车 48.94 10.00 5.60 汽车 002156 通富微电 51.20 5.74 5.56 电子 000063,2026-04-27 17:55:00,证券时报网,http://finance.eastmoney.com/a/202604273720312290.html
000063.SZ,中兴通讯,000063,57.64亿主力资金净流入，汽车芯片概念涨2.42%,688249 晶合集成 6.93 4.61 17893.44 9.96 600584 长电科技 2.71 5.67 17566.21 3.85 688498 源杰科技 3.70 3.30 16223.68 3.73 688047 龙芯中科 6.61 4.67 16038.79 5.23 000063,2026-04-30 16:58:00,证券时报网,http://finance.eastmoney.com/a/202604303726578736.html
600527.SH,江南高纤,600527,江南高纤600527.SH)：2026年一季报净利润为784.38万元,2026年4月30日，江南高纤600527.SH)发布2026年一季报。 公司营业总收入为1.46亿元，在已披露的同业公司中排名第28。归母净利润为784.38万元，在已披露的同业公司中排名第24。经营活动现金净流入为8771.50万元。,2026-04-30 10:03:59,界面新闻,http://finance.eastmoney.com/a/202604303726086638.html
600527.SH,江南高纤,600527,机构风向标 | 江南高纤6005272025年四季度已披露持仓机构仅8家,2026年4月28日，江南高纤600527.SH)发布2025年年度报告。截至2026年4月27日，共有8个机构投资者披露持有江南高纤A股股份，合计持股量达1.90亿股，占江南高纤总股本的10.98%。,2026-04-28 10:12:19,界面新闻,http://finance.eastmoney.com/a/202604283721764128.html
600527.SH,江南高纤,600527,江南高纤600527.SH)2025年净利润为2109.11万元、较去年同期下降44.60%,2026年4月28日，江南高纤600527.SH)发布2025年年报。 公司营业总收入为5.20亿元，在已披露的同业公司中排名第28，较去年同报告期营业总收入减少2112.45万元，同比较去年同期下降3.91%。,2026-04-28 17:13:00,界面新闻,http://finance.eastmoney.com/a/202604283722353462.html
600527.SH,江南高纤,600527,江南高纤：2025年净利润同比下降44.6% 拟10派0.3元,中证智能财讯江南高纤（600527）4月28日披露2025年年度报告。,2026-04-28 10:20:37,中国证券报·中证网,http://finance.eastmoney.com/a/202604283721794286.html
600527.SH,江南高纤,600527,52只股上午收盘涨停(附股),19885.38 机械设备 600770 综艺股份 6.97 6.71 2796.94 19494.69 综合 002127 南极电商 3.08 5.04 6109.53 18817.36 商贸零售 001211 双枪科技 34.55 8.51 525.13 18143.24 轻工制造 600527,2026-04-24 12:01:00,证券时报网,http://finance.eastmoney.com/a/202604243717757716.html
600527.SH,江南高纤,600527,涨停股复盘：16股封单超亿元,5221.38 机械设备 603060 国检集团 7.29 7.01 634.29 4623.97 社会服务 600338 西藏珠峰 22.57 19.94 188.84 4262.12 有色金属 000906 浙商中拓 6.36 8.31 590.67 3756.69 交通运输 600527,2026-04-24 16:04:00,证券时报网,http://finance.eastmoney.com/a/202604243717976975.html
600527.SH,江南高纤,600527,营业部最青睐个股曝光 7股净买入超亿元,神剑股份 16.70 1.27 2758.30 0.57 000586 汇源通信 21.60 -4.47 2611.75 1.80 603284 林平发展 56.24 0.00 2549.88 8.40 002240 盛新锂能 44.86 10.00 1898.07 0.63 600527,2026-04-13 22:29:00,证券时报网,http://finance.eastmoney.com/a/202604133703341780.html
600527.SH,江南高纤,600527,江南高纤4月13日龙虎榜数据,江南高纤600527今日涨停，全天换手率12.24%，成交额5.73亿元，振幅9.34%。龙虎榜数据显示，营业部席位合计净买入1825.40万元。 上交所公开信息显示，当日该股因日涨幅偏离值达10.14%上榜，营业部席位合计净买入1825.40万元。,2026-04-13 22:27:00,证券时报网,http://finance.eastmoney.com/a/202604133703330260.html
600527.SH,江南高纤,600527,214只股中线走稳 站上半年线,19.96 15.92 4.93 5.41 9.75 000919 金陵药业 10.05 6.25 7.39 8.10 9.59 688098 申联生物 14.46 9.96 9.62 10.53 9.44 000019 深粮控股 9.96 4.65 7.17 7.84 9.27 600527,2026-04-07 15:49:00,证券时报网,http://finance.eastmoney.com/a/202604073696444178.html
600527.SH,江南高纤,600527,【盘中播报】196只个股突破半年线,10.06 8.60 7.87 8.64 9.81 300165 天瑞仪器 19.96 15.40 4.93 5.41 9.75 000919 金陵药业 10.05 6.09 7.39 8.10 9.59 000019 深粮控股 9.96 4.50 7.17 7.84 9.27 600527,2026-04-07 14:11:00,证券时报网,http://finance.eastmoney.com/a/202604073696378079.html
