股票代码,股票简称,最新价,最新涨跌幅,个股热度[20260501],个股热度排名[20260501],market_code,code
000858.SZ,五粮液,97.08,-1.281269066503971,378788.5,1,33,000858
688256.SH,寒武纪,1699.96,20.00028236024932,169638.0,2,17,688256
002081.SZ,金螳螂,5.9,10.074626865671641,161766.0,3,33,002081
000066.SZ,中国长城,19.82,9.988901220865708,121510.5,4,33,000066
603629.SH,利通电子,144.41,9.993144946302083,114067.5,5,17,603629
600745.SH,闻泰科技,28.12,0.0,109709.0,6,17,600745
600186.SH,莲花控股,10.72,-0.9242144177449135,98988.5,7,17,600186
002202.SZ,金风科技,27.55,7.073455110765644,96410.5,8,33,002202
002149.SZ,西部材料,63.51,9.993072393488042,89396.0,9,33,002149
002297.SZ,博云新材,24.5,5.557949159844891,88657.0,10,33,002297
600111.SH,北方稀土,53.04,4.102060843964664,73990.5,11,17,600111
603399.SH,永杉锂业,19.39,9.98298355076575,70401.5,12,17,603399
002181.SZ,粤传媒,16.49,10.00667111407604,70135.5,13,33,002181
002709.SZ,天赐材料,60.51,2.0060687795010077,67870.5,14,33,002709
601138.SH,工业富联,62.88,-5.101116812556598,63090.0,15,17,601138
600330.SH,天通股份,27.89,8.690568978955575,61570.0,16,17,600330
600379.SH,宝光股份,16.78,10.032786885245908,61350.0,17,17,600379
002580.SZ,圣阳股份,27.48,-3.9160839160839194,59866.5,18,33,002580
002281.SZ,光迅科技,144.28,8.58734101000978,57956.0,19,33,002281
002466.SZ,天齐锂业,80.03,5.971927966101702,56457.5,20,33,002466
600396.SH,华电辽能,9.92,-4.889741131351868,54932.5,21,17,600396
002192.SZ,融捷股份,109.22,10.001007150770462,54761.0,22,33,002192
600759.SH,ST洲际,4.67,-5.08130081300813,54309.5,23,22,600759
002342.SZ,巨力索具,19.81,4.814814814814816,53173.0,24,33,002342
301599.SZ,理奇智能,62.4,348.5981308411214,52793.5,25,33,301599
002361.SZ,神剑股份,20.55,2.493765586034913,50699.0,26,33,002361
002217.SZ,合力泰,2.89,-5.8631921824104145,48968.5,27,33,002217
000062.SZ,深圳华强,36.92,3.562412342215998,47055.5,28,33,000062
600206.SH,有研新材,27.37,2.0126723816623286,46846.5,29,17,600206
002407.SZ,多氟多,36.31,1.2266517981600358,46794.0,30,33,002407
002240.SZ,盛新锂能,60.09,9.994508511806702,46396.0,31,33,002240
603538.SH,美诺华,62.46,-4.349157733537514,45223.0,32,17,603538
002384.SZ,东山精密,186.73,1.3459972862957883,44486.5,33,33,002384
002176.SZ,江特电机,16.05,-0.24860161591049812,43798.0,34,33,002176
600726.SH,华电能源,6.59,-7.183098591549293,43543.5,35,17,600726
002050.SZ,三花智控,46.92,4.685408299866134,43361.0,36,33,002050
001896.SZ,豫能控股,15.24,-9.982279976373299,42673.0,37,33,001896
600487.SH,亨通光电,65.7,-2.4933214603739873,42338.0,38,17,600487
301217.SZ,铜冠铜箔,78.34,10.369118061425754,42241.0,39,33,301217
605299.SH,舒华体育,25.98,9.991532599491952,41647.0,40,17,605299
002842.SZ,翔鹭钨业,38.49,10.002857959416975,41358.5,41,33,002842
601778.SH,晶科科技,6.5,-6.609195402298851,41355.5,42,17,601778
603601.SH,再升科技,15.85,4.276315789473686,40665.5,43,17,603601
600522.SH,中天科技,33.12,-3.3838973162193806,40448.0,44,17,600522
600246.SH,万通发展,11.28,10.048780487804873,39701.5,45,17,600246
002156.SZ,通富微电,51.77,4.585858585858592,38895.5,46,33,002156
600118.SH,中国卫星,102.8,4.972939854998458,38699.5,47,17,600118
300083.SZ,创世纪,10.19,20.023557126030617,38422.0,48,33,300083
600519.SH,贵州茅台,1384.79,-1.1690230307528786,37323.0,49,17,600519
300308.SZ,中际旭创,857.5,1.4792899408284024,36806.0,50,33,300308
603095.SH,越剑智能,25.37,10.017346053772776,36687.5,51,17,603095
002475.SZ,立讯精密,67.0,-2.38927738927739,35806.5,52,33,002475
002428.SZ,云南锗业,70.01,1.1412886449003268,35644.0,53,33,002428
002460.SZ,赣锋锂业,88.68,2.0483314154200243,35393.0,54,33,002460
000833.SZ,粤桂股份,31.72,9.986130374479885,35216.0,55,33,000833
600433.SH,冠豪高新,4.84,9.999999999999988,35171.5,56,17,600433
600884.SH,杉杉股份,16.65,-1.4792899408284026,35021.0,57,17,600884
600152.SH,维科技术,14.85,2.4137931034482736,34723.0,58,17,600152
002655.SZ,共达电声,31.52,2.671009771986972,33853.0,59,33,002655
002805.SZ,丰元股份,22.85,10.014443909484843,33272.5,60,33,002805
603778.SH,国晟科技,26.6,-2.813299232736571,32967.5,61,17,603778
000988.SZ,华工科技,119.53,0.41162634408601717,32886.5,62,33,000988
002131.SZ,利欧股份,6.45,-1.8264840182648416,32597.5,63,33,002131
003026.SZ,中晶科技,49.99,5.419654154365246,32559.0,64,33,003026
002225.SZ,濮耐股份,4.5,-2.173913043478253,32203.0,65,33,002225
002812.SZ,恩捷股份,82.95,-1.7994554279625856,32151.5,66,33,002812
300136.SZ,信维通信,91.3,6.771137878610679,32118.5,67,33,300136
600105.SH,永鼎股份,42.41,-2.1006463527239236,31976.0,68,17,600105
601899.SH,紫金矿业,33.3,-2.4604569420035247,31792.0,69,17,601899
002185.SZ,华天科技,13.11,2.6624902114330453,31540.0,70,33,002185
603318.SH,水发燃气,14.26,-1.9931271477663293,31429.0,71,17,603318
600158.SH,中体产业,11.85,10.027855153203342,31388.5,72,17,600158
600584.SH,长电科技,45.56,2.70513976555456,31222.5,73,17,600584
600770.SH,综艺股份,7.62,-3.422053231939158,31155.0,74,17,600770
002759.SZ,天际股份,38.09,5.776173285198571,31031.0,75,33,002759
600900.SH,长江电力,27.32,2.0545386626821096,30963.0,76,17,600900
601208.SH,东材科技,39.14,1.2415933781686601,30960.0,77,17,601208
600821.SH,金开新能,7.8,-10.03460207612457,30690.0,78,17,600821
000890.SZ,法尔胜,15.66,-8.953488372093018,30679.0,79,33,000890
600703.SH,三安光电,13.67,-1.9368723098995666,30632.5,80,17,600703
002594.SZ,比亚迪,102.98,-2.2960151802656563,30554.0,81,33,002594
688981.SH,中芯国际,118.73,5.565928692095674,29795.5,82,17,688981
600176.SH,中国巨石,34.5,-3.3613445378151336,29686.5,83,17,600176
601869.SH,长飞光纤,353.9,-4.485587822519704,29598.0,84,17,601869
603906.SH,龙蟠科技,33.17,0.5456198848135789,29414.5,85,17,603906
603178.SH,圣龙股份,19.46,10.005652911249289,29339.5,86,17,603178
300632.SZ,光莆股份,24.47,20.009808729769485,28956.5,87,33,300632
001309.SZ,德明利,524.81,0.3595127454917476,28847.0,88,33,001309
002210.SZ,飞马国际,2.98,-9.969788519637465,28460.5,89,33,002210
601016.SH,节能风电,4.26,-6.5789473684210495,28310.0,90,17,601016
002565.SZ,顺灏股份,19.02,2.699784017278618,28070.0,91,33,002565
603687.SH,大胜达,17.18,9.987195902688864,27933.0,92,17,603687
603986.SH,兆易创新,312.99,1.327333354915997,27584.0,93,17,603986
002115.SZ,三维通信,14.41,-1.8392370572207055,27289.5,94,33,002115
000651.SZ,格力电器,40.05,-1.03780578206079,26935.5,95,33,000651
300390.SZ,天华新能,110.5,0.0,26769.5,96,33,300390
688521.SH,芯原股份,280.88,19.99829110949716,26626.0,97,17,688521
600110.SH,诺德股份,10.75,-2.18380345768881,26419.0,98,17,600110
002309.SZ,中利集团,4.29,-4.878048780487799,26339.0,99,33,002309
600150.SH,中国船舶,41.76,1.4577259475218696,26129.5,100,17,600150
600410.SH,华胜天成,21.92,-2.621057307863171,26015.5,101,17,600410
002498.SZ,汉缆股份,8.72,-3.3259423503325825,25916.5,102,33,002498
002624.SZ,完美世界,15.21,-8.593749999999998,25773.0,103,33,002624
002990.SZ,盛视科技,53.83,9.991826726604007,25696.0,104,33,002990
600498.SH,烽火通信,46.68,-9.359223300970873,25334.0,105,17,600498
000402.SZ,金融街,3.17,10.069444444444446,24892.0,106,33,000402
688808.SH,联讯仪器,1033.33,11.350215517241372,24738.5,107,17,688808
002015.SZ,协鑫能科,17.75,-5.02942750133762,24565.5,108,33,002015
000790.SZ,华神科技,4.57,10.120481927710841,24548.5,109,33,000790
002645.SZ,华宏科技,25.77,9.98719590268886,24470.0,110,33,002645
002340.SZ,格林美,9.14,-5.186721991701244,24444.0,111,33,002340
603019.SH,中科曙光,92.96,2.8091130280911214,24426.0,112,17,603019
600879.SH,航天电子,23.97,3.9011703511053253,24313.5,113,17,600879
000938.SZ,紫光股份,31.99,-1.3263417643430082,24190.5,114,33,000938
603256.SH,宏和科技,119.1,-1.2601558613828636,23961.0,115,17,603256
000155.SZ,川能动力,17.42,-9.506493506493497,23956.0,116,33,000155
300058.SZ,蓝色光标,17.12,-1.552616446233465,23875.0,117,33,300058
605222.SH,起帆电缆,36.37,10.012099213551105,23786.0,118,17,605222
000925.SZ,众合科技,9.19,-5.840163934426233,23771.0,119,33,000925
000973.SZ,佛塑科技,20.99,-1.4091122592766592,23687.0,120,33,000973
600089.SH,特变电工,26.82,-1.5779816513761458,23403.0,121,17,600089
000547.SZ,航天发展,24.58,2.1612635078969227,23394.5,122,33,000547
605389.SH,长龄液压,116.98,9.840375586854464,23280.5,123,17,605389
000593.SZ,德龙汇能,25.3,-5.278921752152751,23203.5,125,33,000593
002044.SZ,美年健康,5.43,3.231939163498098,23203.5,124,33,002044
300769.SZ,德方纳米,71.95,12.9158819836786,22877.5,126,33,300769
002371.SZ,北方华创,536.99,5.145777447083478,22812.0,127,33,002371
002463.SZ,沪电股份,102.57,0.5785448127083636,22799.0,128,33,002463
000980.SZ,众泰汽车,2.52,10.043668122270741,22767.5,129,33,000980
002730.SZ,电光科技,33.66,5.94900849858356,22667.5,130,33,002730
002560.SZ,通达股份,14.67,-5.7803468208092506,22537.0,131,33,002560
000592.SZ,平潭发展,10.76,1.127819548872173,22202.5,132,33,000592
601106.SH,中国一重,4.54,9.927360774818405,22032.0,133,17,601106
000567.SZ,海德股份,6.67,10.06600660066007,21987.5,134,33,000567
300750.SZ,宁德时代,436.0,-2.0224719101123596,21785.0,135,33,300750
603937.SH,丽岛新材,15.25,10.028860028860034,21653.0,136,17,603937
603876.SH,鼎胜新材,29.76,4.2016806722689175,21639.5,137,17,603876
300502.SZ,新易盛,525.79,-2.0875232774674184,21592.5,138,33,300502
301396.SZ,宏景科技,316.74,-3.270728355474112,21457.5,139,33,301396
002415.SZ,海康威视,36.29,4.251651824188443,21399.0,140,33,002415
002685.SZ,华东重机,9.15,9.975961538461538,21394.5,141,33,002685
600338.SH,西藏珠峰,27.58,-0.10865628395509286,21128.0,142,17,600338
603773.SH,沃格光电,69.35,-0.5592199598508756,21113.0,143,17,603773
600208.SH,衢州发展,4.55,9.903381642512082,21007.0,144,17,600208
002378.SZ,章源钨业,33.86,2.855407047387599,20979.5,145,33,002378
688041.SH,海光信息,296.25,6.270402123614456,20976.0,146,17,688041
002310.SZ,东方新能,3.06,-4.075235109717865,20698.5,147,33,002310
000657.SZ,中钨高新,58.19,1.5355086372360764,20591.0,148,33,000657
603131.SH,上海沪工,22.52,10.014655593551542,20517.0,149,17,603131
603698.SH,航天工程,43.97,10.007505629221917,20397.5,150,17,603698
601179.SH,中国西电,16.92,-1.3411078717200986,20304.0,151,17,601179
002235.SZ,安妮股份,11.2,10.019646365422393,20301.0,152,33,002235
600736.SH,苏州高新,8.15,-2.9761904761904763,20122.0,153,17,600736
002261.SZ,拓维信息,35.44,1.5181896304783764,20023.0,154,33,002261
600666.SH,奥瑞德,5.24,-5.585585585585579,19940.5,155,17,600666
601012.SH,隆基绿能,16.46,-0.5438066465256789,19852.5,156,17,601012
600400.SH,红豆股份,2.76,9.9601593625498,19800.5,157,17,600400
002929.SZ,润建股份,59.68,10.009216589861751,19563.0,158,33,002929
603083.SH,剑桥科技,174.97,2.4954601370745655,19488.5,159,17,603083
000889.SZ,中嘉博创,4.42,-8.108108108108103,19471.5,160,33,000889
300762.SZ,上海瀚讯,43.42,13.81389252948887,19426.0,161,33,300762
000977.SZ,浪潮信息,69.75,-3.5002767017155523,19115.0,162,33,000977
603738.SH,泰晶科技,38.32,-3.7669512807634353,18907.0,163,17,603738
000815.SZ,美利云,19.02,-4.229607250755286,18835.5,164,33,000815
000539.SZ,粤电力A,6.53,-6.71428571428571,18818.5,165,33,000539
603501.SH,豪威集团,98.3,-3.238507727138504,18728.5,166,17,603501
002491.SZ,通鼎互联,15.8,-4.646952323476159,18637.0,167,33,002491
002413.SZ,雷科防务,13.14,3.139717425431714,18415.0,168,33,002413
002837.SZ,英维克,94.6,0.1058201058200998,18395.5,169,33,002837
002354.SZ,天娱数科,6.2,4.201680672268908,18274.0,170,33,002354
300476.SZ,胜宏科技,328.49,-1.6114056369245502,18260.5,171,33,300476
301308.SZ,江波龙,401.12,-3.1812696113927124,18041.0,172,33,301308
600734.SH,*ST实达,2.23,-5.106382978723409,17893.5,173,22,600734
605099.SH,共创草坪,48.42,9.995456610631528,17892.5,174,17,605099
603195.SH,公牛集团,44.85,8.490566037735842,17887.0,175,17,603195
603026.SH,石大胜华,114.92,-3.6310272536687616,17860.5,176,17,603026
600156.SH,华升股份,10.8,-3.3124440465532605,17847.5,177,17,600156
001330.SZ,博纳影业,8.27,2.7329192546583707,17812.0,178,33,001330
002731.SZ,ST萃华,4.35,-5.0218340611353804,17801.0,179,33,002731
600887.SH,伊利股份,27.46,3.3496424538953726,17799.5,180,17,600887
600744.SH,华银电力,8.54,-4.15263748597083,17727.5,181,17,600744
603259.SH,药明康德,109.55,-1.466091023565398,17665.0,182,17,603259
688699.SH,明微电子,55.43,20.004329941545794,17658.0,183,17,688699
300885.SZ,海昌新材,28.64,19.98324256388772,17581.0,184,33,300885
000628.SZ,高新发展,66.18,10.00664893617023,17546.0,185,33,000628
600545.SH,卓郎智能,4.89,-9.94475138121547,17522.0,186,17,600545
002640.SZ,跨境通,3.65,9.939759036144581,17138.5,187,33,002640
603993.SH,洛阳钼业,18.62,-2.9702970297029716,17108.5,188,17,603993
000546.SZ,金圆股份,7.72,4.748982360922654,17015.0,189,33,000546
688498.SH,源杰科技,1571.0,3.6963696369636962,16983.0,190,17,688498
002082.SZ,万邦德,,,16841.0,191,33,002082
002636.SZ,金安国纪,44.9,-0.970445522717258,16824.5,192,33,002636
603045.SH,福达合金,46.68,9.990574929311975,16793.5,193,17,603045
002602.SZ,世纪华通,16.01,-8.930602957906693,16779.5,194,33,002602
600460.SH,士兰微,28.9,3.8074712643678117,16657.0,195,17,600460
603618.SH,杭电股份,28.26,-4.105870376654216,16598.0,196,17,603618
603375.SH,盛景微,45.25,9.990277102576567,16473.0,197,17,603375
688400.SH,凌云光,59.32,20.008092251669026,16390.0,198,17,688400
600986.SH,浙文互联,9.99,-6.896551724137933,16363.5,199,17,600986
601698.SH,中国卫通,36.67,2.976691940466168,16359.5,200,17,601698
